bp	climate_K_factor
5200	1.000000
5199	1.000000
5198	1.000000
5197	1.000000
5196	1.000000
5195	1.000000
...
5101	1.000000
5100	0.982300
5099	0.982300
5098	0.982300
5097	0.982300
...
5001	0.982300
5000	0.965700
4999	0.965700
4998	0.965700
...
1	0.742000
0	0.742000
